name;team;position;main;score;winrate;matches_played;kills_norm;deaths_norm;assists_norm;kda_norm;damageDealtToBuildings_norm;damageDealtToObjectives_norm;damageDealtToTurrets_norm;gameDuration_norm;damagePerMinute_norm;damageTakenOnTeamPercentage_norm;firstTurretKilled_norm;goldPerMinute_norm;killParticipation_norm;laneMinionsFirst10Minutes_norm;riftHeraldTakedowns_norm;soloKills_mean_norm;soloKills_total_norm;stealthWardsPlaced_norm;survivedSingleDigitHpCount_norm;teamBaronKills_norm;teamDamagePercentage_norm;teamRiftHeraldKills_norm;turretPlatesTaken_norm;voidMonsterKill_norm;wardTakedowns_norm;damageSelfMitigated_norm;firstBloodKill_norm;largestCriticalStrike_norm;largestMultiKill_norm;magicDamageDealt_norm;magicDamageDealtToChampions_norm;magicDamageTaken_norm;objectivesStolen_norm;pentaKills_norm;physicalDamageDealt_norm;physicalDamageDealtToChampions_norm;physicalDamageTaken_norm;timeCCingOthers_norm;totalDamageDealt_norm;totalDamageDealtToChampions_norm;totalDamageShieldedOnTeammates_norm;totalHeal_norm;totalHealsOnTeammates_norm;totalMinionsKilled_norm;totalTimeCCDealt_norm;totalTimeSpentDead_norm;trueDamageDealt_norm;trueDamageDealtToChampions_norm;trueDamageTaken_norm;turretKills_norm;visionScore_norm;visionWardsBoughtInGame_norm;wardsKilled_norm;wardsPlaced_norm;pinksPlaced_norm;cs_15_norm;gold_15_norm;xp_15_norm;cs_15_diff_norm;gold_15_diff_norm;xp_15_diff_norm;visionScorePerMinute_norm;CSPerMinute_norm;win_count;kills;deaths;assists;kda;damageDealtToBuildings;damageDealtToObjectives;damageDealtToTurrets;gameDuration;damagePerMinute;damageTakenOnTeamPercentage;firstTurretKilled;goldPerMinute;killParticipation;laneMinionsFirst10Minutes;riftHeraldTakedowns;soloKills_mean;soloKills_total;stealthWardsPlaced;survivedSingleDigitHpCount;teamBaronKills;teamDamagePercentage;teamRiftHeraldKills;turretPlatesTaken;voidMonsterKill;wardTakedowns;damageSelfMitigated;firstBloodKill;largestCriticalStrike;largestMultiKill;magicDamageDealt;magicDamageDealtToChampions;magicDamageTaken;objectivesStolen;pentaKills;physicalDamageDealt;physicalDamageDealtToChampions;physicalDamageTaken;timeCCingOthers;totalDamageDealt;totalDamageDealtToChampions;totalDamageShieldedOnTeammates;totalHeal;totalHealsOnTeammates;totalMinionsKilled;totalTimeCCDealt;totalTimeSpentDead;trueDamageDealt;trueDamageDealtToChampions;trueDamageTaken;turretKills;visionScore;visionWardsBoughtInGame;wardsKilled;wardsPlaced;pinksPlaced;cs_15;gold_15;xp_15;cs_15_diff;gold_15_diff;xp_15_diff;visionScorePerMinute;CSPerMinute;FirstBlood_pct;FirstTurret_pct
50n Xyru;Rouen Rotomagus Rex;TOP;VRAI;37,89802004;1;2;29,16666667;95,45454545;66,66666667;63,41935484;37,76786178;29,23083459;37,76786178;44,93346981;47,49630859;40;25;60,72237604;74,6835443;82,91139241;100;16,66666667;16,66666667;24,13793103;0;66,66666667;54,76190476;100;;88,88888889;3,571428571;50,71715949;0;0,233535731;25;14,20725731;27,60261457;55,60560561;0;;32,66706948;31,78224994;69,88196965;35,625;35,75198126;50,03932909;0;22,8234754;0;67,78761062;40,86727989;82,35294118;8,431829197;4,121459259;76,95552609;85,71428571;14,17267037;9,372071228;3,571428571;18,75;5,359056806;79,32330827;53,73279879;81,82847607;62,30366492;57,43757559;76,88941925;13,26860841;76,01476015;2;3,5;1,5;10;9,83;3639,5;13761;3639,5;1858;701,02;0,22;2;377,07;0,59;65,5;2;1;2;7;0;1;0,23;1;0;4;0,5;31284,5;0;5;1;39583;11340;9301;0;0;91755,5;10091,5;10795;28,5;140311;21715,5;0;7465;0;196,5;311;55,5;8972;283;956;3;12;1;0,5;7,5;0,5;110,5;4825,5;7425;-6;-240;-4;0,41;6,35;0;1
Adouairy;Milan Wolfpack;JGL;VRAI;8,769492471;0;2;0;59,09090909;20;3,806451613;0;7,086262931;0;2,047082907;14,9180406;31,42857143;25;36,8537629;62,02531646;0,632911392;0;0;0;27,5862069;0;0;26,19047619;0;;0;7,142857143;36,20960356;0;7,61326483;0;14,36933393;3,523294458;52,17717718;0;;17,49032342;10,99143361;57,21997826;16,25;33,53083943;12,14806246;6,838547398;33,34302548;0;4,424778761;52,10249671;48,0127186;39,81107139;4,7112794;92,21405327;0;17,12531003;0;7,142857143;20;0;65,41353383;53,03933254;61,9822397;63,61256545;49,43444547;73,06085919;20,38834951;6,888068881;0;0;5,5;3;0,59;0;3336;0;1439;222,24;0,25;2;282,24;0,49;0,5;0;0;0;8;0;0;0,11;0;0;0;1;22414;0;163;0;40027;1522,5;9917,5;0;0;49264;3490;15322;13;131653,5;5337;217,5;10902;0;17,5;396,5;163,5;42361,5;323,5;323;0;14,5;0;1;8;0;92;4793,5;5760;-3,5;-802,5;-389;0,63;0,73;0;1
Alkoor;Barcelona Savage;JGL;VRAI;27,38912644;0;2;29,16666667;68,18181818;16,66666667;8,903225806;10,91682665;18,5589566;10,91682665;18,37256909;27,42595075;28,57142857;25;56,40322175;70,88607595;2,53164557;50;16,66666667;16,66666667;3,448275862;0;0;45,23809524;50;;11,11111111;21,42857143;38,24823368;0;11,77020084;25;1,895639445;2,136296187;55,64453342;0;;42,8205578;28,76669186;43,17487337;93,75;45,03549465;24,98669751;0;46,90795011;0;4,07079646;65,44021025;50,23847377;47,4182316;11,58523265;63,2879354;28,57142857;17,71583796;9,372071228;21,42857143;3,75;5,359056806;75,56390977;70,57102611;68,44269623;64,92146597;57,35932276;76,03918059;19,09385113;5,658056581;0;3,5;4,5;2,5;1,38;1052;8737;1052;1598,5;406,06;0,26;2;359,91;0,56;2;1;1;2;1;0;0;0,19;0,5;0;0,5;3;23660,5;0;252;1;5856;957;9294;0;0;120183;9134;20343,5;75;176496;10886,5;0;15334;0;16,5;498;156,5;50456;795,5;1523;1;15;1;3;1,5;0,5;105,5;5602,5;6302;-1;-245,5;-89,5;0,59;0,63;0;1
AyaqueSama;Lyon Nexus;JGL;VRAI;77,56382883;1;2;62,5;100;43,33333333;90,32258065;6,465002854;94,88391359;6,465002854;2,047082907;39,70999503;17,14285714;25;72,3659703;75,94936709;2,53164557;100;8,333333333;8,333333333;8,620689655;0;0;40,47619048;100;;88,88888889;35,71428571;30,55573728;0;14,29238674;50;4,684160478;3,235102952;77,44967189;0;;38,61272222;38,0180776;40,6393984;20;47,89302601;32,35164835;0;55,89103987;0;8,14159292;41,52431012;92,68680445;61,77874944;8,636131945;97,07123057;14,28571429;24,21164521;32,8022493;35,71428571;11,25;21,43622722;68,04511278;70,43016578;66,61898802;67,27748691;72,27004339;80,79753381;28,15533981;12,300123;2;7,5;1;6,5;14;623;44668,5;623;1439;586,59;0,3;2;423,33;0,6;2;2;0,5;1;2,5;0;0;0,17;1;0;4;5;18957;0;306;2;13495;1405;5373;0;0;108402;12071,5;21250;16;187634;14070;0;18269;0;28;316;23;65736,5;593;121,5;0,5;20,5;3,5;5;4,5;2;95,5;5596;6149;3,5;802,5;389;0,87;1,17;0;1
Bozo;Milan Wolfpack;SUP;VRAI;4,526154666;0;2;4,166666667;72,72727273;13,33333333;4,516129032;0;0,100898528;0;2,047082907;12,45619646;62,85714286;25;20,18122326;53,16455696;16,4556962;0;0;0;55,17241379;0;0;21,42857143;0;;0;46,42857143;21,97272014;50;0;25;1,755100029;6,930085967;57,61316872;0;;1,404040544;4,352481733;85,19830827;29,375;3,103184641;10,15962984;16,47539695;5,160303007;3,192996009;8,495575221;6,307490145;71,54213037;3,153477805;2,679676691;93,63625407;0;51,37593008;18,74414246;46,42857143;45;21,43622722;13,15789474;27,37024596;45,40199058;68,58638743;57,02496977;79,58929992;59,22330097;12,79212792;0;0,5;4;2;0,7;0;47,5;0;1439;186,06;0,14;2;216;0,42;13;0;0;0;16;0;0;0,09;0;0;0;6,5;13709;1;0;1;5471;2911,5;8940;0;0;4226;1382;5319;23,5;13053,5;4477,5;524;1694;124;29;48;89,5;3355,5;184;264;0;43,5;2;6,5;18;2;22,5;3609;4369;6;-269;267,5;1,83;1,21;0,5;1
CasuxGaming;Toulouse sentinels;SUP;VRAI;71,65786374;0;2;8,333333333;72,72727273;43,33333333;12,12903226;0,658952939;3,878751832;0,658952939;44,93346981;15,4875717;65,71428571;25;24,41731689;94,93670886;8,227848101;0;0;0;82,75862069;0;0;28,57142857;0;;0;100;12,55315321;0;0;50;4,242465171;14,38750107;65,58781003;0;;1,137947894;2,402998236;76,50804821;30,625;4,186881217;16,24291498;76,84326364;25,27966945;100;9,026548673;5,847568988;56,75675676;1,420028301;5,694312969;95,60081957;0;79,72127082;28,11621368;100;67,5;32,15434084;6,015037594;29,80821324;51,54061625;60,20942408;59,05242939;82,87589499;70,87378641;10,08610086;0;1;4;6,5;1,88;63,5;1826;63,5;1858;230,61;0,13;2;232,83;0,75;6,5;0;0;0;24;0;0;0,12;0;0;0;14;7949,5;0;0;2;12285;5952;7506;0;0;3481;763;8426;24,5;17277,5;7107;2444;8267,5;3883,5;30,5;44,5;136;1511;391;182,5;0;67,5;3;14;27;3;13;3721,5;4884;-10;-126,5;598;2,19;0,99;0;1
Eneko;Bordeaux Blades;MID;VRAI;34,78757717;0;2;16,66666667;0;30;3,677419355;10,92720386;2,236761051;10,92720386;26,25383828;17,424794;48,57142857;25;35,71860055;69,62025316;43,67088608;0;16,66666667;16,66666667;20,68965517;0;0;35,71428571;0;;0;14,28571429;21,95800079;50;0;25;20,00916244;15,58809462;33,69480592;0;;3,120070254;1,044028723;72,15732419;22,5;16,36422878;16,01272412;9,133783996;5,17101538;0;32,38938053;13,66622865;0;0,219441832;3,400567975;81,65602025;0;14,7631983;0;14,28571429;15;0;41,72932331;40,37273811;72,34638536;30,89005236;21,70448887;53,858393;14,2394822;41,20541205;0;2;12;4,5;0,57;1053;1053;1053;1675,5;259,08;0,19;2;277,73;0,55;34,5;0;1;2;6;0;0;0,15;0;0;0;2;13700;1;0;1;55477;6441,5;13241;0;0;9030,5;331,5;9981,5;18;64742;7007,5;290,5;1697,5;0;96,5;104;314,5;233,5;233,5;761;0;12,5;0;2;6;0;60,5;4209;6629,5;-66;-2751,5;-2320;0,44;3,52;0,5;1
ExciDamus;Lyon Nexus;BOT;VRAI;64,17090385;1;2;29,16666667;100;30;51,61290323;72,5470866;23,24277248;72,5470866;2,047082907;55,08189136;71,42857143;25;74,02718349;41,7721519;84,17721519;0;0;0;18,96551724;0;0;52,38095238;100;;0;3,571428571;7,713757687;0;18,02895843;50;21,42988817;18,56934378;94,33878323;0;;23,40990265;36,93153187;81,62654705;5,625;32,46407561;44,67437825;0;9,237126023;0;68,67256637;14,717477;96,18441971;2,150248016;0,189324984;95,52850428;85,71428571;13,58214244;9,372071228;3,571428571;17,5;10,71811361;92,10526316;67,450428;70,90410632;75,13089005;63,76182685;86,18237868;16,18122977;100;2;3,5;1;4,5;8;6991;10942;6991;1439;812,5;0,11;2;429,93;0,33;66,5;0;0;0;5,5;0;0;0,22;1;0;0;0,5;4990,5;0;386;2;59369;7657;2336;0;0;65837,5;11726,5;6596;4,5;127495,5;19396,5;0;3026;0;199;112;12;2288;13;185,5;3;11,5;1;0,5;7;1;127,5;5458,5;6508,5;18,5;204,5;930,5;0,5;8,3;0;1
Faxxiz;Barcelona Savage;TOP;VRAI;18,35426638;0;2;12,5;50;3,333333333;2,064516129;45,64416541;13,19540328;45,64416541;18,37256909;33,25394827;25,71428571;25;50,67707022;25,3164557;80,37974684;50;0;0;27,5862069;0;0;57,14285714;50;;11,11111111;7,142857143;51,34518514;0;0,326950023;25;3,128005855;5,941650418;90,44044044;0;;35,80035508;29,38397581;34,10422215;22,5;28,91986957;30,06362059;31,99182518;11,50814906;0;65,30973451;27,13534823;47,21780604;3,683991357;18,0950994;0;28,57142857;15,94425416;0;7,142857143;20;0;80,45112782;50,78556723;78,78300256;56,02094241;34,80828057;65,08054893;16,82847896;85,2398524;0;1,5;6,5;0,5;0,32;4398,5;6212;4398,5;1598,5;491,71;0,27;2;337,16;0,2;63,5;1;0;0;8;0;0;0,24;0,5;0;0,5;1;31668,5;0;7;1;9232;2508,5;3037;0;0;100528;9330;23586,5;18;113681;13081;1017,5;3768;0;189,5;206,5;166;3920;1242,5;4148,5;1;13,5;0;1;8;0;112;4689,5;7169,5;-18;-1830,5;-1191,5;0,52;7,1;0;1
Fieldtop;Toulouse sentinels;JGL;VRAI;38,39063835;0;2;25;59,09090909;23,33333333;7,870967742;0;27,06948191;0;44,93346981;22,75062431;22,85714286;25;43,65215203;81,01265823;0;0;0;0;6,896551724;0;0;42,85714286;0;;22,22222222;35,71428571;47,84525056;100;11,58337226;25;14,4226294;4,959346602;40,62951841;0;;31,4155411;24,55593348;37,81723155;21,25;47,83042612;23,87969925;0;51,38266126;0;4,247787611;66,62286465;44,83306836;55,41399652;7,31085706;87,48945402;0;28,34534073;9,372071228;35,71428571;7,5;10,71811361;62,40601504;57,91526709;58,03683175;56,28272251;54,2790069;71,00238663;25,88996764;4,67404674;0;3;5,5;3,5;1,22;0;12743,5;0;1858;337,35;0,28;2;309,25;0,64;0;0;0;0;2;0;0;0,18;0;0;1;5;29528,5;2;248;1;40173;2108;11994;0;0;88251,5;7797;22259;17;187390;10408;0;16796;0;17;507;173,5;58964;502;519;0;24;1;5;3;1;88;5018,5;5429;-17,5;-462;-596;0,8;0,55;1;1
Fiorelia;Paris Noctilians;MID;VRAI;57,80236144;0,333;3;44,41666667;57,54545455;28,86666667;14,64516129;14,07845172;3,999129086;14,07845172;77,24360287;46,37085525;54,28571429;50;53,92398691;65,82278481;87,34177215;0;11,16666667;16,66666667;27,5862069;0;0;61,9047619;33;;14,88888889;7,142857143;33,96518056;0;0;25;49,77687086;56,86325006;23,43638083;0;;5,524129835;4,55404384;58,27164796;10;39,35737614;59,88201272;0;11,55405922;0;78,9380531;26,50065703;24,53736089;1,482684348;18,24801573;81,24623358;0;15,74347467;3,092783505;7,142857143;20,825;3,536977492;83,70676692;68,60981688;84,72102032;78,88481675;71,8360959;96,31394193;12,29773463;76,6297663;1;5,33;5,67;4,33;2,27;1356,67;1882,67;1356,67;2173,67;684,48;0,17;3;350,06;0,52;69;0;0,67;2;8;0;0;0,26;0,33;0;0,67;1;21041,67;0;0;1;137024;23270;15085,67;0;0;15761,33;1446;14946;8;154364;25970;0;3783;0;228;201,67;237,33;1577,67;1253;778;0;13,33;0,33;1;8,33;0,33;116,33;5512;7667,67;25,67;772;1949,33;0,38;6,4;0;1
Flotilter;Rouen Rotomagus Rex;SUP;VRAI;69,58858332;0,6;5;11,66666667;69,09090909;98,66666667;35,93548387;18,48181394;9,597467978;18,48181394;64,31934493;18,65503562;60;100;30,73999497;100;17,97468354;50;3,333333333;8,333333333;99,31034483;0;26,66666667;23,80952381;60;;31,11111111;60;43,09891404;0;0;25;4,981665994;17,18455294;65,1762874;0;;2,413121018;6,273620559;64,06590053;55,5;6,654522971;23,11532678;84,76025782;12,68344938;33,66550792;8,991150442;18,42312746;58,6009539;5,200442492;14,45277798;77,48101724;5,714285714;99,91732609;76,85098407;60;91;79,31404073;14,13533835;33,06967169;43,89057751;63,03664921;59,91605606;67,5636436;80,25889968;9,102091021;3;1,4;4,4;14,8;5,57;1781;4518,2;1781;2047,4;277,16;0,15;5;257,95;0,79;14,2;1;0,2;1;28,8;0;0,4;0,1;0,6;0;1,4;8,4;26626,4;0;0;1;14310;7092,4;7580;0;0;7051,2;1992;12874,4;44,4;26895,8;10077,6;2695,8;4152;1307,4;30,4;140,2;130,2;5533,6;992,4;934,2;0,2;84,6;8,2;8,4;36,4;7,4;23,8;3872;4242,2;-4,6;-65,8;-941,8;2,48;0,91;0;1
GDIE;Lille Fortress;BOT;VRAI;64,72925717;1;2;75;100;23,33333333;56,4516129;74,28008094;52,93667821;74,28008094;26,25383828;54,01223437;74,28571429;25;81,07727158;49,36708861;82,27848101;50;8,333333333;8,333333333;17,24137931;0;33,33333333;54,76190476;100;;33,33333333;42,85714286;7,100451393;0;91,07893508;50;0,39989852;1,063242706;94,33322211;0;;52,9329714;66,88555052;84,64730047;19,375;40,48045421;54,34586466;0;9,537072462;0;73,80530973;11,1695138;89,82511924;7,975559349;26,48365252;98,11980234;85,71428571;24,80217314;9,372071228;42,85714286;23,75;10,71811361;100;92,14432766;70,14124799;77,7486911;85,67261862;87,38564041;23,94822006;93,35793358;2;9;1;3,5;8,75;7158;24921;7158;1675,5;796,78;0,1;2;457,94;0,39;65;1;0,5;1;5;0;0,5;0,23;1;0;1,5;6;4615,5;0;1950;2;1758,5;519,5;2337;0;0;148495,5;21237,5;5516;15,5;158741,5;23577;0;3124;0;213,5;85;32;8486,5;1818,5;78;3;21;1;6;9,5;1;138;6598;6444,5;23,5;1744,5;1051,5;0,74;7,76;0;1
Golden92Boy;Sèvres Burst;MID;VRAI;0;0;1;0;100;0;0;0;0;0;31,72978506;0;100;0;0;0;6,329113924;0;0;0;0;0;0;0;0;;0;0;0;0;0;0;0;0;100;0;;0;0;100;0;0;0;0;0;0;0;0;100;0;0;100;0;0;0;0;0;0;0;0;0;0;0;0;0;0;0;0;1;0;0;0;0;0;1729;3;0,01;1;135,82;0;5;0;0;0;0;0;0;0;0;0;0;0;274;0;0;0;663;86;1318;0;0;295;0;27;0;958;86;0;8;0;5;0;0;0;0;0;0;0;0;0;0;0;5;2346;560;-125;-4277;-7736;0;0,17;0;1
Hyvel;Toulouse sentinels;MID;FAUX;47,46862782;0;1;16,66666667;72,72727273;13,33333333;6,451612903;37,2541898;8,728253712;37,2541898;0;33,75611548;28,57142857;0;51,0974075;63,29113924;63,29113924;0;16,66666667;8,333333333;10,34482759;33,33333333;0;64,28571429;0;;0;0;65,89199267;0;0,280242877;25;12,38280017;18,35595943;54,05405405;0;;15,88733844;13,34089191;46,52707057;30;20,11509145;27,11393869;0;10,92662025;0;42,47787611;53,61366623;58,34658188;0;0;69,79631192;28,57142857;4,724223456;0;0;7,5;0;69,92481203;64,05894463;83,0562012;57,59162304;50,55132674;80,87708831;5,825242718;62,97662977;0;2;4;2;1;3590;4109;3590;1419;499,09;0,26;1;338,83;0,5;50;0;1;1;3;1;0;0,27;0;0;0;0;40563;0;6;1;34585;7570;9580;0;0;44776;4236;19145;24;79362;11806;0;3578;0;125;408;131;0;0;1253;1;4;0;0;3;0;98;5302;7528;-15;-724;397;0,18;5,29;0;1
Hyvel;Toulouse sentinels;TOP;VRAI;20,09211547;0;3;16,66666667;66,63636364;15,53333333;7,290322581;13,87775645;3,207511099;13,87775645;31,32036847;38,68184509;31,42857143;50;48,30103197;62,02531646;90,72151899;0;0;0;25,27586207;0;0;69,04761905;0;;0;4,785714286;52,93896376;0;8,967772069;25;11,05479395;14,87232503;28,43215438;0;;27,16180901;31,02166793;61,16373966;21,25;28,7868884;36,84365529;0;10,33796006;0;68,31858407;31,05519054;48,59459459;5,520038141;0,165004005;91,14547427;9,428571429;15,35372623;0;4,785714286;18,325;0;84,21052632;56,14909524;81,87615472;68,06282723;59,63334993;75,91159507;15,53398058;83,39483395;0;2;4,67;2,33;1,13;1337,33;1510;1337,33;1725;571,48;0,25;3;327,72;0,49;71,67;0;0;0;7,33;0;0;0,29;0;0;0;0,67;32643;0;192;1;30947;6149,67;14187,33;0;0;76342;9850;13912;17;113162,67;16011,67;0;3385,67;0;198;236,33;161,67;5873,67;11,33;367,33;0,33;13;0;0,67;7,33;0;117;4937;7429;5;-85,67;-102,33;0,48;6,95;0;1
Jhin Moulant;Nantes Nautilus;SUP;VRAI;72,36112672;1;2;16,66666667;81,81818182;90;33,35483871;20,75961189;12,12269261;20,75961189;18,37256909;22,98537727;60;25;39,42109237;75,94936709;13,29113924;0;0;0;98,27586207;0;33,33333333;23,80952381;50;;22,22222222;92,85714286;13,02989664;0;0;25;6,05049563;15,64205389;71,0293627;0;;2,194817894;5,147707231;80,85177974;42,5;6,492815122;20,78658184;91,24351517;15,48703038;40,94244882;7,433628319;21,94480946;83,9427663;2,430306543;14,14840166;89,68301796;42,85714286;96,25605291;84,34864105;92,85714286;100;96,46302251;9,398496241;41,60797486;38,5422254;60,9947644;65,8746532;74,77625298;100;9,840098401;2;2;3;13,5;5,17;2000,5;5707;2000,5;1598,5;340,8;0,15;2;292,44;0,6;10,5;0;0;0;28,5;0;0,5;0,1;0,5;0;1;13;8241;0;0;1;17238;6463,5;6527,5;0;0;6440;1634,5;6873;34;26265,5;9071;2902;5068;1590;26;167;50,5;2586;971,5;428;1,5;81,5;9;13;40;9;17,5;4266;3793,5;-8,5;353;-216,5;3,09;0,97;0;1
Kiotys;Barcelona Savage;SUP;VRAI;53,59389116;0;2;8,333333333;68,18181818;50;12,38709677;3,969283454;4,650891093;3,969283454;18,37256909;18,35496009;54,28571429;25;29,66775736;97,46835443;17,72151899;50;0;0;84,48275862;0;0;30,95238095;50;;11,11111111;82,14285714;33,43255266;0;1,261092947;25;3,823767223;13,50453135;68,779891;0;;1,330641833;3,20452255;67,7968107;44,375;4,68190786;16,67784847;27,02405282;14,42497513;15,07660615;10,61946903;18,00262812;65,02384738;3,803815055;9,983252021;69,3985778;0;79,72127082;65,60449859;82,14285714;76,25;64,30868167;15,78947368;33,95817532;41,12283211;69,89528796;55,82983567;79,08214002;82,20064725;14,02214022;0;1;4,5;7,5;1,92;382,5;2189,5;382,5;1598,5;272,75;0,17;2;253,69;0,77;14;1;0;0;24,5;0;0;0,13;0,5;0;0,5;11,5;20716;0;27;1;11138;5592;6932;0;0;4020,5;1017,5;11540,5;35,5;19207;7295;859,5;4721;585,5;35;137;110;4047,5;685,5;1269,5;0;67,5;7;11,5;30,5;6;26;3913;4010;8,5;-353;216,5;2,54;1,31;0;1
Kutos;Paris Noctilians;BOT;VRAI;24,41979501;0,333;3;25;75,72727273;48,86666667;20,77419355;51,70269289;34,45136691;51,70269289;77,24360287;32,9844927;68,57142857;50;57,23634533;72,15189873;58,2278481;0;0;0;41,37931034;0;0;45,23809524;33;;0;30,92857143;28,73653997;100;42,31667445;25;1,497263132;2,037379052;66,93360027;0;;67,33703799;51,29966616;65,32194658;14,5875;51,66449791;41,27164835;32,79358591;22,28072538;41,61194799;84,83893805;28,68988173;58,45151033;8,218185892;10,47593388;76,97167651;19,14285714;31,0972009;9,372071228;30,92857143;31,675;7,18113612;72,42857143;56,35865207;62,7251922;55,4973822;52,7946219;72,62997216;23,62459547;81,18081181;1;3;3,67;7,33;3,22;4982,33;16218,67;4982,33;2173,67;487,75;0,12;3;363,22;0,57;46;0;0;0;12;0;0;0,19;0,33;0;0;4,33;17844,67;2;906;1;4764,67;916,67;7264;0;0;188823,67;16288,67;12425,33;11,67;202334,33;17925,67;1043;7287,67;1616;244,67;218,33;130,67;8744,67;719,33;955,33;0,67;26,33;1;4,33;12,67;0,67;101,33;4946,67;5822,33;-19;-566,33;-432,33;0,73;6,77;0,667;1
Kutos;Paris Noctilians;BOT;VRAI;24,41979501;0,333;3;25;75,72727273;48,86666667;20,77419355;51,70269289;34,45136691;51,70269289;77,24360287;32,9844927;68,57142857;50;57,23634533;72,15189873;58,2278481;0;0;0;41,37931034;0;0;45,23809524;33;;0;30,92857143;28,73653997;100;42,31667445;25;1,497263132;2,037379052;66,93360027;0;;67,33703799;51,29966616;65,32194658;14,5875;51,66449791;41,27164835;32,79358591;22,28072538;41,61194799;84,83893805;28,68988173;58,45151033;8,218185892;10,47593388;76,97167651;19,14285714;31,0972009;9,372071228;30,92857143;31,675;7,18113612;72,42857143;56,35865207;62,7251922;55,4973822;52,7946219;72,62997216;23,62459547;81,18081181;1;3;3,67;7,33;3,22;4982,33;16218,67;4982,33;2173,67;487,75;0,12;3;363,22;0,57;46;0;0;0;12;0;0;0,19;0,33;0;0;4,33;17844,67;2;906;1;4764,67;916,67;7264;0;0;188823,67;16288,67;12425,33;11,67;202334,33;17925,67;1043;7287,67;1616;244,67;218,33;130,67;8744,67;719,33;955,33;0,67;26,33;1;4,33;12,67;0,67;101,33;4946,67;5822,33;-19;-566,33;-432,33;0,73;6,77;0,667;1
LoveInSpace;Lyon Nexus;SUP;VRAI;58,32768387;1;2;4,166666667;100;100;100;37,80937062;11,51199099;37,80937062;2,047082907;18,05012146;77,14285714;25;36,26982129;83,5443038;11,39240506;0;0;0;58,62068966;0;0;19,04761905;100;;55,55555556;35,71428571;5,584358236;0;0;25;4,311822285;12,9244693;97,56701146;0;;1,342785659;2,90217939;84,1256611;28,125;4,835328919;14,70676692;92,90991982;15,50233377;88,37388953;4,955752212;17,54270696;91,41494436;3,077354515;2,402970946;96,19139448;28,57142857;53,14751388;18,74414246;35,71428571;48,75;16,07717042;8,646616541;33,19969661;42,21348114;62,30366492;64,6795191;74,26909308;61,16504854;7,626076261;2;0,5;1;15;15,5;3643,5;5419,5;3643,5;1439;268,27;0,09;2;279,92;0,66;9;0;0;0;17;0;0;0,08;1;0;2,5;5;3688,5;0;0;1;12475;5355,5;1755,5;0;0;4054,5;921,5;5702,5;22,5;19805;6443;2955;5073;3432;19;133,5;27;3274,5;165;158;1;45;2;5;19,5;1,5;16,5;3878;4101,5;-6;269;-267,5;1,89;0,79;0;1
Machi Mero;Nantes Nautilus;BOT;VRAI;46,09850674;1;2;45,83333333;95,45454545;36,66666667;51,61290323;83,34457531;68,46018225;83,34457531;18,37256909;45,42435851;65,71428571;25;67,80770199;54,43037975;91,7721519;50;0;0;10,34482759;0;33,33333333;45,23809524;50;;22,22222222;21,42857143;11,22922936;0;51,93834657;50;0,025370102;0,772598506;74,95273051;0;;46,36584053;54,27689594;83,69072855;18,75;33,8886081;41,41469057;0;11,06741143;0;64,42477876;9,395532194;81,3990461;2,072715035;5,119056288;92,17789562;14,28571429;14,17267037;14,05810684;21,42857143;12,5;10,71811361;95,11278195;65,42420631;71,25573634;72,51308901;62,53823718;85,3221957;14,88673139;84,0098401;2;5,5;1,5;5,5;8;8031,5;32229;8031,5;1598,5;670,57;0,13;2;405,22;0,43;72,5;1;0;0;3;0;0,5;0,19;0,5;0;1;3;7140;0;1112;2;732,5;401;5822;0;0;130109;17234;5858;15;133048;17987,5;0;3624;0;187;71,5;58,5;2205,5;351,5;324,5;0,5;12;1,5;3;5;1;131,5;5365;6538;13,5;118,5;844;0,46;7;0;1
Margaux;Bordeaux Blades;SUP;VRAI;27,51811189;0;2;4,166666667;54,54545455;36,66666667;5,741935484;4,846157837;3,11086093;4,846157837;26,25383828;7,058239149;71,42857143;25;22,74351875;50,63291139;8,227848101;0;0;0;81,03448276;0;0;14,28571429;0;;0;46,42857143;27,00510271;0;0;25;1,858588145;5,571293673;76,12890668;0;;0,593975941;1,292831948;74,6312653;23,75;2,166880037;6,827067669;100;6,499349606;16,801854;4,247787611;8,607095926;58,18759936;1,588721273;3,903007355;87,54971677;0;65,54860045;18,74414246;46,42857143;63,75;21,43622722;3,383458647;21,23740384;41,01555516;60,47120419;53,1976951;71,31563246;65,04854369;5,412054121;0;0,5;6;5,5;0,89;467;1464,5;467;1675,5;106,73;0,11;2;226,18;0,4;6,5;0;0;0;23,5;0;0;0,06;0;0;0;6,5;16786;0;0;1;5754,5;2357,5;5610,5;0;0;1958;410,5;9097;19;9404;3037;3180,5;2131,5;652,5;17;65,5;131,5;1690,5;268;516,5;0;55,5;2;6,5;25,5;2;9,5;3326;4001;-9,5;-538;-564,5;2,01;0,61;0;1
Melhiast;Nantes Nautilus;TOP;VRAI;90,24942059;1;2;79,16666667;81,81818182;50;40,32258065;72,11643231;27,85755252;72,11643231;18,37256909;100;2,857142857;25;100;82,27848101;92,40506329;0;100;100;25,86206897;0;33,33333333;100;50;;22,22222222;10,71428571;57,31061102;50;13,77860813;50;0,025005065;1,556234134;79,53231009;0;;60,51536181;99,90079365;35,24399716;26,875;47,40364362;90,74031232;0;40,03672814;0;74,86725664;48,35742444;70,58823529;14,35065;100;13,75195854;85,71428571;17,71583796;9,372071228;10,71428571;22,5;10,71811361;93,98496241;90,45400368;92,98527922;74,86910995;86,89620829;88,77784407;19,09385113;97,78597786;2;9,5;3;7,5;6,25;6949,5;13114,5;6949,5;1598,5;1472,63;0,35;2;533,12;0,65;73;0;6;12;7,5;0;0,5;0,42;0,5;0;1;1,5;35316;1;295;2;731,5;720,5;4998,5;0;0;169724,5;31720,5;23179;21,5;185726,5;39308,5;0;13089;0;216,5;368;92,5;15270;6866,5;3578;3;15;1;1,5;9;1;130;6520;8361;18;1830,5;1191,5;0,59;8,12;0,5;1
Murkow;Lyon Nexus;MID;VRAI;93,96431049;1;2;70,83333333;90,90909091;46,66666667;72,06451613;62,62647227;22,58002846;62,62647227;2,047082907;65,46137463;34,28571429;25;77,07525799;84,81012658;84,81012658;0;58,33333333;58,33333333;12,06896552;0;0;66,66666667;100;;0;0;20,10745126;50;0;50;36,50173667;51,97135254;76,71838505;0;;3,024884092;3,799760645;58,07865538;17,5;29,55946605;53,40080972;0;16,40982478;0;55,39823009;28,05519054;84,41971383;6,345017256;9,975970291;86,30830421;57,14285714;20,07794969;46,86035614;0;30;42,87245445;86,84210526;87,3659118;89,34978247;81,15183246;82,40022764;85,86913286;24,27184466;80,68880689;2;8,5;2;7;11,17;6035;10630;6035;1439;965,04;0,24;2;442,04;0,67;67;0;3,5;7;3,5;0;0;0,28;1;0;0;0;12568,5;1;0;2;100657,5;21275,5;5504,5;0;0;8764;1206,5;15015;14;116174;23168,5;0;5369,5;0;161,5;213,5;49;6751,5;685;568;2;17;5;0;12;4;120,5;6377,5;8056;30;1514,5;899;0,75;6,73;0,5;1
Nanayara;Nantes Nautilus;JGL;VRAI;37,07935915;1;2;25;90,90909091;56,66666667;50;41,58148705;77,9010982;41,58148705;18,37256909;22,68802352;40;25;68,63075761;55,69620253;0,632911392;50;0;0;6,896551724;0;33,33333333;23,80952381;50;;77,77777778;32,14285714;48,40622138;0;7,519850537;50;33,93862625;9,722477711;75,07507508;0;;27,91615488;12,92359536;58,64644515;16,875;62,6169579;20,46153846;0;34,66676869;0;7,96460177;54,00788436;82,19395866;68,5424448;11,30852691;96,39628781;57,14285714;33,66009212;32,8022493;32,14285714;13,75;37,51339764;76,31578947;75,89121248;69,50950593;65,96858639;64,34516611;77,81921241;35,27508091;10,70110701;2;3;2;8,5;7,75;4007;36673,5;4007;1598,5;336,43;0,22;2;408,49;0,44;0,5;1;0;0;2;0;0,5;0,1;0,5;0;3,5;4,5;29871,5;0;161;2;93636;4050;5800;0;0;78454;4103,5;14812;13,5;245024,5;8930,5;0;11334,5;0;27,5;411;56;72933,5;776,5;149,5;2;28,5;3,5;4,5;5,5;3,5;106,5;5848;6391,5;1;245,5;89,5;1,09;1,04;0;1
Nangdar;Lille Fortress;SUP;VRAI;11,02030661;1;2;8,333333333;81,81818182;86,66666667;30,64516129;8,213563016;13,54376872;8,213563016;26,25383828;15,48484993;60;25;33,85099421;54,43037975;14,55696203;100;0;0;72,4137931;0;33,33333333;16,66666667;100;;100;39,28571429;27,6633848;0;0;25;3,739808611;10,37734692;90,65732399;0;;2,420371596;4,750881834;75,88991256;36,25;5,905171419;14,64430307;2,593931772;3,530492004;2,806746492;5,486725664;12,15505913;75,03974563;5,633123518;8,592441564;82,2827528;0;73,8159915;56,23242737;39,28571429;63,75;42,87245445;10,52631579;32,89630513;47,74420406;70,41884817;68,50679377;82,54276054;70,87378641;7,257072571;2;1;3;13;4,75;791,5;6376;791,5;1675,5;230,57;0,15;2;270,31;0,43;11,5;2;0;0;21;0;0,5;0,07;1;0;4,5;5,5;17188,5;0;0;1;10908;4317;2998;0;0;7071,5;1508,5;8647;29;23975;6416;82,5;1161,5;109;20,5;92,5;78,5;5994;590;735;0;62,5;6;5,5;25,5;4;19;3864;4565,5;9,5;538;564,5;2,19;0,76;0;1
Papa Noth;Rouen Rotomagus Rex;BOT;VRAI;84,90801662;1;2;79,16666667;86,36363636;43,33333333;62,06451613;100;61,57253011;100;44,93346981;60,51250995;62,85714286;25;83,28215454;88,60759494;89,24050633;0;16,66666667;16,66666667;17,24137931;0;66,66666667;69,04761905;100;;11,11111111;28,57142857;15,267238;0;36,89864549;75;7,772742289;18,10087929;81,99310422;0;;54,80204903;62,80234316;77,28840951;13,125;45,04485898;63,79641411;0;13,31547938;0;73,45132743;11,10381078;76,15262321;0,795535378;3,706400641;92,50331445;100;25,39270107;23,43017807;28,57142857;25;16,07717042;90,97744361;78,20999025;63,43047857;65,44502618;60,85224443;76,9291965;22,65372168;82,28782288;2;9,5;2,5;6,5;9,62;9636,5;28986,5;9636,5;1858;892,31;0,14;2;466,7;0,7;70,5;0;1;2;5;0;1;0,29;1;0;0,5;4;9609;0;790;3;21956;7466;4556;0;0;153728,5;19941;8147;10,5;176532,5;27662;0;4358,5;0;212,5;84,5;75;846,5;254,5;311;3,5;21,5;2,5;4;10;1,5;126;5955;5881,5;0;0;0;0,7;6,86;0;1
PasteurPouglas;Rouen Rotomagus Rex;JGL;VRAI;84,82916644;1;2;50;90,90909091;70;76,32258065;37,29051004;100;37,29051004;44,93346981;32,15707355;0;25;76,74049836;91,13924051;1,898734177;100;8,333333333;8,333333333;6,896551724;0;66,66666667;38,0952381;100;;88,88888889;28,57142857;72,96709407;0;26,15600187;50;10,06426484;10,1909422;62,94906017;0;;60,75180924;30,88151927;29,25563322;23,75;73,61067995;33,81376518;0;64,74558115;6,012617484;6,725663717;42,6412615;86,16852146;83,88175779;9,539066482;85,09099675;42,85714286;24,80217314;18,74414246;28,57142857;10;21,43622722;75,56390977;67,92718604;65,14095;74,60732984;67,42548197;82,85600636;22,33009709;7,380073801;2;6;2;10,5;11,83;3593,5;47077;3593,5;1858;475,59;0,36;2;440,71;0,72;1,5;2;0,5;1;2;0;1;0,16;1;0;4;4;44889;0;560;2;28233,5;4241;7980,5;0;0;170386,5;9805,5;25320;19;287875,5;14702;0;21162;233,5;24;324,5;43,5;89255,5;655;618,5;1,5;21;2;4;4;2;105,5;5480,5;6025;17,5;462;596;0,69;0,77;0;1
Red Gamer;Toulouse sentinels;MID;VRAI;33,14983215;0;2;16,66666667;81,81818182;10;7,548387097;1,224510974;0,250653185;1,224510974;44,93346981;16,29593843;57,14285714;25;38,8295998;49,36708861;63,29113924;0;0;0;15,51724138;0;0;30,95238095;0;;0;10,71428571;19,18422086;0;0;75;22,40654585;13,67254087;35,35479924;0;;4,372134392;1,06292517;80,21406513;12,5;24,40485201;17,17987276;0;10,87917974;0;58,5840708;20,76215506;61,20826709;20,20650463;22,0345154;96,40834036;0;28,34534073;18,74414246;10,71428571;33,75;21,43622722;65,41353383;54,31791093;81,35764944;50,78534031;59,50060468;73,37907717;25,56634304;65,80565806;0;2;3;1,5;1,17;118;118;118;1858;242,49;0,16;2;290,09;0,39;50;0;0;0;4,5;0;0;0,13;0;0;0;1,5;12004;0;0;3;62044,5;5660,5;12942,5;0;0;12536;337,5;7101;10;96082,5;7512;0;3562,5;0;170,5;158;122;21501;1513;149;0;24;2;1,5;13,5;2;92;4852,5;7385,5;-28;-95;-357;0,79;5,52;0;1
Rog;Bordeaux Blades;BOT;VRAI;33,23693087;0;2;29,16666667;90,90909091;20;20,96774194;30,25994915;11,59164773;30,25994915;26,25383828;29,02635357;74,28571429;25;68,59803675;56,96202532;78,48101266;0;0;0;20,68965517;100;0;52,38095238;0;;0;17,85714286;11,95456627;0;36,61840262;75;3,303223828;2,114221944;78,31164498;0;;47,48592986;36,30322499;80,28259148;9,375;37,77429145;29,55234239;0;13,50065039;0;78,2300885;10,64388962;87,28139905;4,920289987;5,592368747;82,98180065;42,85714286;20,66847762;37,48828491;17,85714286;28,75;32,15434084;82,33082707;54,33958175;57,60772394;53,14136126;36,03187024;66,47275259;20,06472492;96,92496925;0;3,5;2;3;3,25;2916;5457;2916;1675,5;429,58;0,1;2;408,36;0,45;62;0;0;0;6;3;0;0,22;0;0;0;2,5;7583,5;0;784;3;9712;948;5218;0;0;133245;11527;7076,5;7,5;148193,5;12860;0;4419;0;226;81;40;5235,5;384;706;1,5;17,5;4;2,5;11,5;3;114,5;4853,5;5393;-23,5;-1744,5;-1051,5;0,62;8,05;0;1
Rymev;Nantes Nautilus;MID;VRAI;77,85849291;1;2;50;95,45454545;53,33333333;62,38709677;54,0133866;27,32863182;54,0133866;18,37256909;49,2110259;60;25;79,42109237;68,35443038;98,73417722;0;16,66666667;16,66666667;20,68965517;0;33,33333333;47,61904762;50;;33,33333333;28,57142857;14,81175586;50;0;25;48,71534198;43,81369339;72,12490268;0;;5,008435137;2,110103301;78,90227499;46,25;38,73291651;44,79930596;6,319761044;14,77542276;0;68,14159292;33,77135348;80,60413355;3,285048925;12,0803903;93,16620465;57,14285714;26,57375694;23,43017807;28,57142857;31,25;26,79528403;99,62406015;90,62737025;97,25251803;71,72774869;82,93376965;90,08552108;28,15533981;89,17589176;2;6;1,5;8;9,67;5205;12865,5;5205;1598,5;726,22;0,15;2;451,36;0,54;78;0;1;2;6;0;0,5;0,2;0,5;0;1,5;4;9330,5;1;0;1;134116;17949,5;6330,5;0;0;14317,5;670;7570;37;151930;19450,5;201;4835,5;0;197,5;257;61;3495,5;829,5;283,5;2;22,5;2,5;4;12,5;2,5;137,5;6528;8719;12;1552;1323;0,87;7,42;0,5;1
Skyynox;Paris Noctilians;TOP;VRAI;27,17760614;0,333;3;22,25;87,90909091;42,2;30,83870968;51,23229388;15,97525331;51,23229388;77,24360287;34,98227445;40;50;54,7797634;67,08860759;85,65822785;50;0;0;47,13793103;0;0;50;33;;37,11111111;38,07142857;93,12660277;0;1,261092947;25;32,05624862;25,34694578;31,08480703;0;;26,03850514;22,77547871;43,94731918;56,25;43,81419889;42,61499132;0;29,62329176;0;84,71858407;100;74,34976153;9,453074831;12,43238914;38,04989755;47,71428571;49,21459785;62,51171509;38,07142857;50;67,84565916;95,73684211;72,6551089;89,89010072;71,20418848;65,96955254;76,53470565;34,62783172;82,41082411;1;2,67;2,33;6,33;4,78;4937;7520,67;4937;2173,67;517,11;0,22;3;353,46;0,53;67,67;1;0;0;13,67;0;0;0,21;0,33;0;1,67;5,33;57215,33;0;27;1;88479,33;10420,33;13710,33;0;0;73197;7231,67;20067,33;45;171735,67;18506,33;0;9686,67;0;244,33;761;80,67;10058,67;853,67;2570;1,67;41,67;6,67;5,33;20;6,33;132,33;5698,67;8101,33;11;359,67;-39,67;1,07;6,87;0;1
Sulion;Bordeaux Blades;TOP;VRAI;62,12586296;0;2;20,83333333;40,90909091;30;6,258064516;61,83780418;14,14597362;61,83780418;26,25383828;54,03060634;2,857142857;25;63,54895545;64,55696203;85,44303797;0;25;25;22,4137931;0;0;97,61904762;0;;0;10,71428571;100;0;0;25;19,5700224;31,76974112;0;0;;32,25453659;32,1271101;33,09031186;56,25;39,52221398;54,67784847;0;47,48947892;0;71,32743363;64,19185283;28,61685215;9,521989904;6,983179203;60,02169459;42,85714286;20,07794969;9,372071228;10,71428571;17,5;5,359056806;86,09022556;80,44208473;85,77388402;84,29319372;73,99160561;74,71161496;21,03559871;84,99384994;0;2,5;7,5;4,5;0,97;5959;6659,5;5959;1675,5;797,05;0,35;2;388,3;0,51;67,5;0;1,5;3;6,5;0;0;0,41;0;0;0;1,5;61418;0;0;1;54274;13039;19300;0;0;90600,5;10201;23949;45;155006,5;23720,5;0;15524;0;206,5;488,5;224,5;10132;479,5;1658,5;1,5;17;1;1,5;7;0,5;119,5;6058;7756;36;923,5;-223;0,65;7,08;0;1
Sybau;Sèvres Burst;TOP;VRAI;29,32368773;0,667;3;22,25;78,81818182;40;17,74193548;93,6058735;29,41633919;93,6058735;77,24360287;39,76306962;37,14285714;50;62,54719356;46,83544304;90,29113924;50;11,16666667;16,66666667;39,06896552;0;66,66666667;47,61904762;67;;14,88888889;16,64285714;82,9942431;0;0,934142924;50;24,35383809;21,55346259;57,60021132;0;;35,80809498;29,68002016;54,20109883;38,3375;46,4686218;46,02042799;5,984279201;21,181942;0;85,54690265;53,26281209;59,08744038;13,30027076;24,46661327;44,79932506;76,28571429;30,31770403;21,83692596;16,64285714;33,325;21,43622722;87,46616541;64,86076498;90,36295369;59,68586387;55,73493633;77,32368735;22,65372168;84,37884379;2;2,67;3,33;6;2,75;9020,33;13848,33;9020,33;2173,67;587,37;0,23;3;384,32;0,37;71,33;1;0,67;2;11,33;0;1;0,2;0,67;0;0,67;2,33;51020;0;20;2;67379;8873,67;8942,33;0;0;100549,67;9424;16401,33;30,67;182082;19978,33;190,33;6928,67;0;246,67;405,33;128,67;14152,33;1680;2290;2,67;25,67;2,33;2,33;13,33;2;121,33;5339;8141;-11;-359,67;39,67;0,7;7,03;0;1
Tapafe;Lille Fortress;TOP;VRAI;46,2509802;1;2;37,5;90,90909091;56,66666667;41,93548387;62,06091423;19,30135735;62,06091423;26,25383828;53,7162415;20;25;53,98691165;49,36708861;58,2278481;50;33,33333333;33,33333333;13,79310345;0;33,33333333;54,76190476;100;;11,11111111;21,42857143;56,37674997;0;0,326950023;50;18,53879162;33,42776204;41,2106551;0;;16,50060164;29,20760897;66,06267448;58,75;28,92243514;54,61307114;4,99921396;17,63103527;0;47,78761062;52,29960578;80,92209857;14,7998714;10,24539431;87,35687598;57,14285714;18,30636589;9,372071228;21,42857143;13,75;10,71811361;59,02255639;60,42908224;88,43196853;46,59685864;47,71288326;79,14677804;18,77022654;58,05658057;2;4,5;2;8,5;6,5;5980,5;9086,5;5980,5;1675,5;792,43;0,29;2;350,31;0,39;46;1;2;4;4;0;0,5;0,23;1;0;0,5;3;34745;0;7;2;51449;13715;11889,5;0;0;46493;9274;12160,5;47;113691;23692,5;159;5768,5;0;140;398;60;15748;703,5;524,5;2;15,5;1;3;5,5;1;83,5;5134,5;7979;-36;-923,5;223;0,58;4,89;0;1
Tvinga;Lyon Nexus;TOP;VRAI;38,66032359;1;2;29,16666667;95,45454545;30;32,25806452;64,63965133;19,14310598;64,63965133;2,047082907;60,49685975;25,71428571;25;65,76642336;41,7721519;80,37974684;0;16,66666667;16,66666667;18,96551724;0;0;59,52380952;100;;11,11111111;0;37,16963234;0;0;25;9,58478816;23,48086286;88,86108331;0;;27,72917569;35,53004535;42,38612109;31,25;27,03302145;49,14054367;18,34617199;22,18226337;0;55,75221239;63,99474376;82,35294118;1,38572583;5,606932207;93,73267446;57,14285714;14,17267037;23,43017807;0;17,5;16,07717042;76,69172932;65,13165023;86,88241254;62,56544503;64,97118873;77,80429594;16,82847896;81,18081181;2;3,5;1,5;4,5;5;6229;9012;6229;1439;892,08;0,27;2;397,11;0,33;63,5;0;1;2;5,5;0;0;0,25;1;0;0,5;0;23001;0;0;1;26920;9659,5;3321;0;0;77930,5;11281,5;20625,5;25;106326,5;21327;583,5;7255,5;0;162,5;487;55,5;1474,5;385;260;2;12;2,5;0;7;1,5;107;5351,5;7849;-5,5;289,5;88;0,52;6,77;0;1
VforVoldemort;Sèvres Burst;SUP;VRAI;63,72959485;0,667;3;19,41666667;75,72727273;93,33333333;55,48387097;5,510299383;6,230919557;5,510299383;77,24360287;28,22002817;68,57142857;50;39,27258998;86,07594937;26,58227848;100;11,16666667;16,66666667;100;0;66,66666667;35,71428571;67;;37,11111111;76,21428571;14,87526168;0;0;50;21,74808036;31,96431331;56,80497164;0;;1,666918651;1,857111363;80,92637557;47,5;17,73176201;33,84846732;77,33595347;22,26542199;91,11188361;25,60353982;36,35611038;56,01589825;4,576485252;14,67516202;87,29661323;19,14285714;100;100;76,21428571;97,5;100;25,31578947;37,62054394;57,50044699;72,94764398;63,61243509;88,57398568;69,90291262;27,67527675;2;2,33;3,67;14;8,6;531;2933,33;531;2173,67;417,73;0,12;3;291,85;0,68;21;2;0,67;2;29;0;1;0,15;0,67;0;1,67;10,67;9369,33;0;0;2;60240,67;13118,33;9085,33;0;0;4962;589,67;6846,33;38;70072,33;14717;2459,67;7282,67;3538,33;77,33;276,67;138,33;4869,67;1007,67;527;0,67;84,67;10,67;10,67;39;9,33;38,67;4082;5384;14,33;194;1171;2,16;2,42;0;1
Virg;Paris Noctilians;JGL;VRAI;73,68123876;0,333;3;47,25;72,72727273;44,46666667;36,96774194;21,88553936;76,19431994;21,88553936;77,24360287;40,72385566;11,42857143;50;67,49811226;86,07594937;1,683544304;50;5,5;8,333333333;25,27586207;0;0;52,38095238;33;;74;35,71428571;59,44218566;0;51,65810369;75;7,667126005;5,051739573;36,05455455;0;;100;53,12002394;0;20,4125;100;53,32407172;0;76,71283189;0;12,50619469;57,07358739;57,3926868;83,44898278;60,03538921;79,5829818;57,14285714;29,91614503;0;35,71428571;18,325;0;76,44360902;66,38487377;67,46921747;64,92146597;57,0961087;73,86306683;23,30097087;10,08610086;1;5,67;4;6,67;5,73;2109;35870;2109;2173,67;601,49;0,32;3;403,99;0,68;1,33;1;0,33;1;7,33;0;0;0,22;0,33;0;3,33;5;36619,33;0;1106;3;21666,67;2145,67;12816,67;0;0;280272,67;16866,67;35779,67;16,33;390735;23135,33;0;25072;0;40,33;434,33;134;88795;4122,33;847;2;25,33;0;5;7,33;0;106,67;5409,33;6220,33;-1;-264;-308,33;0,72;0,99;0;1
Vlad Pout;Bordeaux Blades;JGL;VRAI;33,0137087;0;2;33,33333333;68,18181818;33,33333333;12,90322581;0,368391013;24,25069567;0,368391013;26,25383828;20,43167328;34,28571429;25;55,6581928;83,5443038;1,265822785;0;8,333333333;8,333333333;22,4137931;0;0;38,0952381;0;;0;25;45,46316891;0;8,22045773;25;6,048487924;3,162748489;69,61683906;0;;35,81982092;22,93556311;39,52899182;53,75;46,66142435;20,00578369;10,2814023;45,51228097;0;2,831858407;63,46911958;69,15739269;61,10256786;1,084977791;71,37519585;0;27,7548128;37,48828491;25;25;37,51339764;65,03759398;79,69444143;64,95023541;58,90052356;60,68862488;69,69968178;27,18446602;4,30504305;0;4;4,5;5;2;35,5;11416,5;35,5;1675,5;303,27;0,24;2;356,95;0,66;1;0;0,5;1;6,5;0;0;0,16;0;0;0;3,5;28072;0;176;1;17232,5;1375,5;6781,5;0;0;100582,5;7282,5;21647;43;182833,5;8733,5;327;14878;0;13;483;97;65017;74,5;1187,5;0;23,5;4;3,5;10;3,5;91,5;6023,5;6009;-12,5;-11,5;-727;0,84;0,52;0;1
Waifus;Barcelona Savage;MID;VRAI;40,61965613;0;2;25;45,45454545;3,333333333;3,612903226;15,29082136;5,292393313;15,29082136;18,37256909;31,8175323;54,28571429;25;57,9763403;35,44303797;100;0;8,333333333;8,333333333;32,75862069;0;0;54,76190476;50;;0;10,71428571;16,3883619;0;0;25;34,31607497;28,49416872;52,15493271;50;;4,103720129;2,28489544;74,50540058;31,875;27,11986597;28,65471371;7,467379343;6,067794016;0;68,31858407;44,67805519;31,47853736;0,19735668;0,611665332;69,06110642;0;19,48742176;18,74414246;10,71428571;27,5;16,07717042;90,60150376;56,99425723;81,48280589;59,16230366;38,77071921;63,77287192;20,71197411;89,42189422;0;3;7;0,5;0,56;1473,5;2491,5;1473,5;1598,5;470,6;0,17;2;366,16;0,28;79;0;0,5;1;9,5;0;0;0,23;0,5;0;0;1,5;10294,5;0;0;1;94670;11703,5;9921,5;1;0;11784,5;725,5;9142;25,5;106665;12472;237,5;1990,5;0;198;340;215,5;210;42;1283,5;0;16,5;2;1,5;11;1,5;125,5;4976;7396;-12;-1552;-1323;0,64;7,44;0;1
Whitingal;Lille Fortress;MID;VRAI;83,6981228;1;2;100;81,81818182;46,66666667;40,83870968;52,83557308;25,54644519;52,83557308;26,25383828;72,22634268;54,28571429;25;85,21520262;73,41772152;96,20253165;50;91,66666667;91,66666667;36,20689655;0;33,33333333;76,19047619;100;;22,22222222;10,71428571;11,61438571;0;0;75;44,80579095;69,68470623;79,52118785;0;;4,956109535;4,780801209;75,28716037;62,5;36,07472991;70,68016194;0;6,412120285;0;69,38053097;56,70170828;64,06995231;3,751186607;9,043908833;96,81812703;57,14285714;23,62111728;0;10,71428571;27,5;0;91,35338346;100;100;100;100;100;23,30097087;86,10086101;2;12;3;7;6,33;5091,5;12026,5;5091,5;1675,5;1064,46;0,17;2;474,38;0,58;76;1;5,5;11;10,5;0;0,5;0,32;1;0;1;1,5;7375,5;0;0;3;123406;28497,5;5000,5;0;0;14171;1518;8862,5;50;141569;30637,5;0;2103;0;201;431,5;113;3991,5;621;132;2;20;0;1,5;11;0;126,5;6960,5;8949,5;66;2751,5;2320;0,72;7,17;0;1
byArnaud4X;Barcelona Savage;BOT;VRAI;22,6659944;0;2;16,66666667;77,27272727;36,66666667;13,67741935;30,06797074;10,69630605;30,06797074;18,37256909;28,61876799;65,71428571;25;52,78630758;88,60759494;67,08860759;0;0;0;17,24137931;0;0;47,61904762;50;;0;25;12,44684679;0;34,65670248;25;4,157046409;8,504715304;87,92403515;0;;29,6221838;24,7228521;70,38962405;7,5;24,28106327;26,18507808;0;11,02150126;0;59,6460177;10,64388962;64,54689984;0,298384504;0;62,13089068;14,28571429;28,34534073;14,05810684;25;25;16,07717042;84,96240602;62,85621411;61,19554205;58,37696335;59,16625169;68,5361973;29,44983819;78,10578106;0;2;3,5;5,5;2,12;2897,5;5035,5;2897,5;1598,5;423,59;0,13;2;345,54;0,7;53;0;0;0;5;0;0;0,2;0,5;0;0;3,5;7884,5;0;742;1;12051;3553,5;3489,5;0;0;83230,5;7850;10613,5;6;95600;11404,5;0;3609;0;173,5;81;111,5;317,5;0;1571;0,5;24;1,5;3,5;10;1,5;118;5246,5;5694;-13,5;-118,5;-844;0,91;6,52;0;1
dasuglybarnacle;Sèvres Burst;MID;VRAI;100;1;2;70,83333333;90,90909091;63,33333333;77,41935484;37,00513672;46,14461414;37,00513672;100;72,56792526;48,57142857;25;73,33249434;83,5443038;97,46835443;50;16,66666667;16,66666667;43,10344828;0;100;71,42857143;100;;33,33333333;7,142857143;33,29680754;50;0;75;100;100;17,77610944;0;;4,706803939;5,966553288;59,46596436;25,625;74,28709236;100;0;100;0;100;13,73193167;68,20349762;2,283228827;8,126410835;48,99361215;57,14285714;27,7548128;0;7,142857143;31,25;0;96,61654135;77,81991548;92,22838071;78,0104712;74,80258946;86,31662689;19,41747573;86,22386224;2;8,5;2;9,5;12;3566;21723,5;3566;2396;1069,48;0,19;2;427,17;0,66;77;1;1;2;12,5;0;1,5;0,3;1;0;1,5;1;20633;1;0;3;274607,5;40857,5;16103,5;0;0;13473;1894,5;14519;20,5;290512;43311;0;32680,5;0;287,5;104,5;100;2429,5;558;2116;2;23,5;0;1;12,5;0;133,5;5937;8297,5;24;980,5;944;0,6;7,18;0,5;1
faiez777;Sèvres Burst;BOT;VRAI;54,62397462;0,667;3;50;60,63636364;55,53333333;21,48387097;28,77600789;38,50287826;28,77600789;77,24360287;59,89738914;54,28571429;50;65,86710294;82,27848101;84,81012658;0;0;0;16,10344828;0;66,66666667;66,66666667;67;;14,88888889;40,5;22,42138231;0;100;50;4,570148333;4,080472879;56,99588477;0;;76,62968265;100;66,52465396;30,4125;59,00160092;79,5804974;0;16,8112939;0;84,13097345;25,9303548;44,56915739;2,73323025;14,30131799;51,57285766;19,14285714;32,27825676;18,74414246;40,5;31,675;21,43622722;86,71428571;68,6314877;67,87853865;75,39267016;68,90986697;81,22842084;25,24271845;81,5498155;2;6;5,33;8,33;3,33;2773;18126;2773;2173,67;883,27;0,17;3;397,51;0,65;67;0;0;0;4,67;0;1;0,28;0,67;0;0,67;5,67;13983,33;0;2141;2;13182,67;1749,67;9051;0;0;214841;31752;11995,33;24,33;230932,67;34484,67;0;5500,67;0;242,67;197,33;174,33;2908,33;982;2009;0,67;27,33;2;5,67;12,67;2;120,33;5513;6254,67;19;566,33;432,33;0,78;6,8;0;1
hide in low elo;Milan Wolfpack;BOT;VRAI;16,90204166;0;2;20,83333333;95,45454545;3,333333333;14,51612903;10,89607223;2,371646452;10,89607223;2,047082907;26,26307302;71,42857143;25;54,53813239;62,02531646;63,29113924;0;0;0;13,79310345;0;0;47,61904762;0;;0;10,71428571;13,48292555;0;27,09014479;25;5,6319802;4,806053248;77,25781337;0;;21,49671436;21,71674225;82,4292843;3,75;20,23964985;21,40312319;0;13,21906802;0;58,5840708;8,081471748;89,66613672;3,076884618;5,76713027;97,39664939;14,28571429;9,448446912;0;10,71428571;10;0;78,19548872;63,01874526;59,81286131;55,7591623;57,94266202;67,67601432;11,32686084;85,2398524;0;2,5;1,5;0,5;2,25;1050;1116,5;1050;1439;388,97;0,11;2;352,5;0,49;50;0;0;0;4;0;0;0,2;0;0;0;1,5;8518;0;580;1;16091,5;2045,5;5407,5;0;0;60481;6895,5;6309;3;79847,5;9337,5;0;4327;0;170,5;61,5;32,5;3274;396;108;0,5;8;0;1,5;4;0;109;5254;5578;-18,5;-204,5;-930,5;0,35;7,1;0;1
neruzelie;Rouen Rotomagus Rex;MID;VRAI;81,42974698;1;2;20,83333333;90,90909091;76,66666667;62,38709677;64,30758055;27,73116384;64,30758055;44,93346981;51,89945769;62,85714286;25;61,40699723;77,21518987;93,67088608;50;8,333333333;8,333333333;13,79310345;0;66,66666667;59,52380952;100;;22,22222222;42,85714286;17,3761939;0;0;75;45,73608888;55,7460481;77,25503281;0;;5,686524929;2,899029982;81,38041159;27,5;37,00962345;54,80740312;27,85725515;10,35580381;0;69,55752212;58,01576873;77,10651828;2,858382579;0,597101871;75,76232373;42,85714286;25,98322901;18,74414246;42,85714286;22,5;21,43622722;86,46616541;56,37663886;85,61296859;80,10471204;62,20388419;80,47931583;22,97734628;78,10578106;2;2,5;2;11,5;9,67;6197;13055;6197;1858;765,73;0,14;2;379,79;0,61;74;1;0,5;1;4;0;1;0,25;1;0;1;6;10898,5;0;0;3;125954,5;22814,5;5408;0;0;16216;920,5;6684;22;145213;23776,5;886;3391,5;0;201,5;441,5;72;3041,5;41;1005,5;1,5;22;2;6;9;2;120;4947,5;7742,5;28;95;357;0,71;6,52;0;1
nympou;Sèvres Burst;JGL;VRAI;75,48718669;0,667;3;41,66666667;72,72727273;66,66666667;47,61290323;17,62392985;58,0120441;17,62392985;77,24360287;32,03527418;0;50;65,06166625;84,81012658;1,265822785;100;0;0;8,034482759;0;66,66666667;35,71428571;67;;44,44444444;59,5;60,83071111;0;20,55114433;100;7,224211473;6,88225844;36,59770882;100;;73,04796843;39,9303036;9,964766268;100;84,84740505;40,2313476;0;86,40293825;0;9,794690265;84,01182654;45,73290938;100;27,73363431;32,07978788;38;43,30931853;53,13964386;59,5;18,325;53,59056806;77,19548872;72,10597031;71,1445259;65,96858639;64,60838017;79,99532617;33,33333333;9,102091021;2;5;4;10;7,38;1698,33;27310,33;1698,33;2173,67;473,8;0,36;3;394,31;0,67;1;2;0;0;2,33;0;1;0,15;0,67;0;2;8,33;37468,33;0;440;4;20453,33;2892;12719;2;0;204813;12678,67;32217;80;331673,67;17476;0;28238;0;32,67;639,33;170,67;106406,33;1904,33;2817,67;1,33;36,67;5,67;8,33;7,33;5;107,67;5673,33;6528,67;1;264;308,33;1,03;0,91;0;1
poche;Lille Fortress;JGL;VRAI;55,79304731;1;2;45,83333333;77,27272727;73,33333333;32,90322581;46,13189436;75,5453831;46,13189436;26,25383828;34,24535427;20;25;68,42939844;64,55696203;1,265822785;100;33,33333333;33,33333333;5,172413793;0;33,33333333;35,71428571;100;;100;46,42857143;44,66178202;50;13,59177954;50;3,964854195;2,493163116;68,99955511;0;;41,57617284;39,24004787;54,92504476;18,75;49,3545027;33,70965876;0;36,65161833;0;4,07079646;43,29829172;64,22893482;61,1862095;15,92514381;88,77907677;42,85714286;31,29798039;28,11621368;46,42857143;10;26,79528403;74,43609023;79,94365587;73,61582931;71,9895288;61,01586398;84,15871122;30,42071197;5,412054121;2;5,5;3,5;11;5,1;4445,5;35564,5;4445,5;1675,5;506,28;0,29;2;407,69;0,51;1;2;2;4;1,5;0;0,5;0,15;1;0;4,5;6,5;27582;1;291;2;11524,5;1102,5;6892,5;0;0;116699;12459,5;16142,5;15;193330,5;14657;0;11983;0;16,5;329,5;112,5;65106;1093,5;465,5;1,5;26,5;3;6,5;4;2,5;104;6035;6736;12,5;11,5;727;0,94;0,61;0,5;1
saji;Milan Wolfpack;MID;VRAI;37,87857903;0;1;8,333333333;18,18181818;6,666666667;1,290322581;5,188605822;1,062089768;5,188605822;4,094165814;29,7122405;37,14285714;0;32,71079789;50,63291139;62,02531646;0;0;0;20,68965517;0;0;50;0;;0;7,142857143;22,26220071;0;0;25;23,75189135;19,34930037;24,83038594;0;;4,230694541;6,113000756;80,83220078;13,75;19,93293601;24,54829381;0;8,254648405;0;37,87610619;31,14323259;24,96025437;0,73397889;11,37406248;92,96131132;0;12,9916145;0;7,142857143;15;0;58,64661654;45,03196446;74,21181238;41,88481675;28,0571957;55,10143198;14,88673139;54,61254613;0;1;10;1;0,2;500;500;500;1459;439,66;0,23;1;265,78;0,4;49;0;0;0;6;0;0;0,21;0;0;0;1;13886;0;0;1;65730;7975;14835;0;0;12140;1941;6880;11;78652;10697;0;2705;0;112;237;236;781;781;292;0;11;0;1;6;0;83;4424;6786;-45;-2305;-2195;0,46;4,61;0;1
saji;Milan Wolfpack;TOP;FAUX;19,40237492;0;1;25;45,45454545;0;2,774193548;10,03476366;2,054081611;10,03476366;0;41,04026183;25,71428571;0;50,03020388;48,10126582;67,08860759;0;16,66666667;8,333333333;20,68965517;0;0;78,57142857;0;;0;14,28571429;35,05004579;0;0;25;0,738835786;3,205670628;46,71894116;0;;29,22018745;40,765936;45,19010748;16,25;21,50845227;32,97165992;0;29,58145229;0;47,78761062;16,29434954;25,91414944;0;0;88,18850187;0;15,35372623;0;14,28571429;15;0;76,69172932;67,13620111;89,79080994;69,63350785;63,10023476;78,31145585;18,77022654;70,72570726;0;3;7;0;0,43;967;967;967;1419;606,14;0,27;1;334,59;0,38;53;0;1;1;6;0;0;0,33;0;0;0;2;21705;0;0;1;2687;1393;10899;0;0;82105;12944;19623;13;84793;14338;0;9673;0;140;124;233;0;0;490;0;13;0;2;6;0;107;5444;8093;8;158;139;0,58;5,92;0;1
